<?xml version="1.0" encoding="UTF-8"?>
<project-private xmlns="http://www.netbeans.org/ns/project-private/1">
    <editor-bookmarks xmlns="http://www.netbeans.org/ns/editor-bookmarks/2" lastBookmarkId="0"/>
    <open-files xmlns="http://www.netbeans.org/ns/projectui-open-files/2">
        <group>
            <file>file:/Users/robertsonbrinker/Downloads/ScribDemo20200305/src/ScribEditor/ScribPadGui.java</file>
            <file>file:/Users/robertsonbrinker/Downloads/ScribDemo20200305/src/ScribEditor/UppercaseAction.java</file>
            <file>file:/Users/robertsonbrinker/Downloads/ScribDemo20200305/src/ScribEditor/StrikethroughAction.java</file>
            <file>file:/Users/robertsonbrinker/Downloads/ScribDemo20200305/src/ScribEditor/SplitScreenAction.java</file>
            <file>file:/Users/robertsonbrinker/Downloads/ScribDemo20200305/src/ScribEditor/LowercaseAction.java</file>
            <file>file:/Users/robertsonbrinker/Downloads/ScribDemo20200305/src/ScribEditor/ScribDemo.java</file>
        </group>
    </open-files>
</project-private>
