<?xml version="1.0" encoding="UTF-8"?>
<project-private xmlns="http://www.netbeans.org/ns/project-private/1">
    <editor-bookmarks xmlns="http://www.netbeans.org/ns/editor-bookmarks/2" lastBookmarkId="0"/>
    <open-files xmlns="http://www.netbeans.org/ns/projectui-open-files/2">
        <group>
            <file>file:/D:/Xi/Documents/CloudStation/Documents/OU/CSI2999/ScribDemo20200323/ScribDemo20200322/src/ScribEditor/ScribPadGui.java</file>
            <file>file:/D:/Xi/Documents/CloudStation/Documents/OU/CSI2999/ScribDemo20200323/ScribDemo20200322/src/ScribEditor/HeaderAndFooter_Frame.java</file>
            <file>file:/D:/Xi/Documents/CloudStation/Documents/OU/CSI2999/ScribDemo20200323/ScribDemo20200322/src/ScribEditor/MessageFormat.java</file>
        </group>
    </open-files>
</project-private>
